timing_bucket,window,captured_games,graded_game_predictions,brier,log_loss,calibration_gap,signals,graded_signals,wins,hit_rate,flat_profit_units,flat_roi,mean_price_clv,mean_probability_clv,mean_entry_ev,enough_for_comparison
D8+,192+ hours,91,44,0.14682915439897123,0.4612016738097559,-0.015745961046611745,1,0,0,,,,,,0.0611481210559092,False
D7,168–192 hours,43,41,0.1347739346158271,0.4304717630083027,-0.030125591262382123,0,0,0,,,,,,,False
D6,144–168 hours,242,217,0.12704974510411776,0.4016455671556732,-0.026176505075017564,3,2,0,0.0,-2.0,-1.0,0.0799999999999999,0.0027500828328118005,0.13303876543944626,False
D5,120–144 hours,331,284,0.12805132739091096,0.39992347969670017,-0.018037208994019616,33,27,6,0.2222222222222222,-12.802255139343874,-0.4741575977534768,0.025013720059588598,0.007709965787666029,0.08527776049354327,False
D4,96–120 hours,350,302,0.12807027874662452,0.4023546873875446,-0.01115806848909362,36,29,8,0.27586206896551724,-9.051503964998632,-0.3121208263792632,0.006944907286544697,0.0026552020549344213,0.08604674820373953,False
D3,72–96 hours,318,270,0.12689351061726878,0.4002198479363924,-0.017745560461073895,31,26,7,0.2692307692307692,-9.383057324840763,-0.3608868201861832,0.0009332999190412311,0.0013813721929207502,0.0804465979326589,False
D2,48–72 hours,326,278,0.12375838022061049,0.3913419376822399,-0.018862185862907666,30,26,5,0.19230769230769232,-13.975,-0.5375,0.0047975079700921805,0.0015771198833319348,0.09372446345343312,False
D1,24–48 hours,324,275,0.12211001178307858,0.3855904219031564,-0.02103518766975654,36,29,6,0.20689655172413793,-13.403939393939394,-0.4622048066875653,0.013320971873487538,0.003516482793595169,0.0890752116525808,False
D0,0–24 hours,291,286,0.12253808871068675,0.3898009996468513,-0.017972024282747356,25,24,6,0.25,-9.401764705882352,-0.3917401960784313,0.0,0.0,0.09174420820081068,False
