earlier_bucket,later_bucket,persistent_signals,mean_earlier_price_advantage,earlier_price_better_rate,mean_ev_change_later_minus_earlier
D8+,D7,0,,,
D8+,D6,1,0.0,0.0,0.08177419032344152
D8+,D5,0,,,
D8+,D4,0,,,
D8+,D3,0,,,
D8+,D2,0,,,
D8+,D1,0,,,
D8+,D0,0,,,
D7,D6,0,,,
D7,D5,0,,,
D7,D4,0,,,
D7,D3,0,,,
D7,D2,0,,,
D7,D1,0,,,
D7,D0,0,,,
D6,D5,2,0.012499999999999956,0.5,-0.04230838067640085
D6,D4,2,0.05952788231269224,1.0,-0.027461660636100046
D6,D3,2,0.09461187214611866,1.0,-0.06281897242008369
D6,D2,2,0.10222222222222221,1.0,-0.07326526294237154
D6,D1,2,0.05952788231269224,1.0,-0.04842350524369595
D6,D0,2,0.07999999999999996,1.0,-0.073853188102533
D5,D4,28,0.006607744484972049,0.42857142857142855,-0.0015838264981430216
D5,D3,22,0.014619187573880456,0.5,-0.00946213113113837
D5,D2,21,0.007017437105537404,0.47619047619047616,-0.002119860104115433
D5,D1,18,0.004661716067937009,0.5,0.0014189562924332047
D5,D0,15,0.012670106572488208,0.6,0.0023092154315994674
D4,D3,27,0.00999861280593355,0.5185185185185185,-0.007653960208554317
D4,D2,24,0.001815835929737548,0.6666666666666666,-0.0025495749632350622
D4,D1,23,-0.008898998603864696,0.4782608695652174,0.007442139706683803
D4,D0,19,0.010850023626906949,0.47368421052631576,-0.0010879513018946054
D3,D2,26,-0.0044886492734993455,0.38461538461538464,0.006345854793945588
D3,D1,24,-0.00900176424630677,0.4166666666666667,0.011226016531403137
D3,D0,20,0.01215247353669588,0.55,0.0019794677761413885
D2,D1,25,-0.0036902871986692534,0.4,0.00204878414213541
D2,D0,20,0.006076460126088002,0.5,0.00040739920701235373
D1,D0,23,0.007916539032462236,0.6086956521739131,-0.0026412438328594213
